-- phpMyAdmin SQL Dump
-- version 5.2.0
-- https://www.phpmyadmin.net/
--
-- Host: 127.0.0.1
-- Waktu pembuatan: 02 Apr 2024 pada 04.35
-- Versi server: 10.4.27-MariaDB
-- Versi PHP: 8.2.0

SET SQL_MODE = "NO_AUTO_VALUE_ON_ZERO";
START TRANSACTION;
SET time_zone = "+00:00";


/*!40101 SET @OLD_CHARACTER_SET_CLIENT=@@CHARACTER_SET_CLIENT */;
/*!40101 SET @OLD_CHARACTER_SET_RESULTS=@@CHARACTER_SET_RESULTS */;
/*!40101 SET @OLD_COLLATION_CONNECTION=@@COLLATION_CONNECTION */;
/*!40101 SET NAMES utf8mb4 */;

--
-- Database: `kasir_rd`
--

-- --------------------------------------------------------

--
-- Struktur dari tabel `detailpenjualan`
--

CREATE TABLE `detailpenjualan` (
  `DetailID` varchar(15) NOT NULL,
  `ProdukID` varchar(15) NOT NULL,
  `Harga` int(11) NOT NULL,
  `JumlahProduk` int(11) NOT NULL,
  `Subtotal` int(11) NOT NULL
) ENGINE=InnoDB DEFAULT CHARSET=utf8mb4 COLLATE=utf8mb4_general_ci;

--
-- Dumping data untuk tabel `detailpenjualan`
--

INSERT INTO `detailpenjualan` (`DetailID`, `ProdukID`, `Harga`, `JumlahProduk`, `Subtotal`) VALUES
('DIDP002', '8991389230220', 4000, 5, 20000),
('DIDP003', '6956953588086', 4500, 4, 18000),
('DIDP004', '8993988286905', 3000, 5, 15000),
('DIDP005', '8993988090243', 2000, 5, 10000),
('DIDP006', '6956953588086', 4500, 2, 9000);

-- --------------------------------------------------------

--
-- Struktur dari tabel `login`
--

CREATE TABLE `login` (
  `LoginID` varchar(15) NOT NULL,
  `Username` varchar(255) NOT NULL,
  `Password` varchar(255) NOT NULL,
  `HakAkses` varchar(50) NOT NULL
) ENGINE=InnoDB DEFAULT CHARSET=utf8mb4 COLLATE=utf8mb4_general_ci;

--
-- Dumping data untuk tabel `login`
--

INSERT INTO `login` (`LoginID`, `Username`, `Password`, `HakAkses`) VALUES
('123', 'ratma', '12345', 'Admin'),
('1234', 'rtm', '123', 'Petugas'),
('12345', 'dina', '123456', 'Petugas');

-- --------------------------------------------------------

--
-- Struktur dari tabel `pelanggan`
--

CREATE TABLE `pelanggan` (
  `PelangganID` varchar(15) NOT NULL,
  `NamaPelanggan` varchar(255) NOT NULL,
  `Alamat` text NOT NULL,
  `NomorTelepon` varchar(15) NOT NULL
) ENGINE=InnoDB DEFAULT CHARSET=utf8mb4 COLLATE=utf8mb4_general_ci;

--
-- Dumping data untuk tabel `pelanggan`
--

INSERT INTO `pelanggan` (`PelangganID`, `NamaPelanggan`, `Alamat`, `NomorTelepon`) VALUES
('12345', 'ratma', 'kp leuwiayar', '085975'),
('6789', 'dina', 'kp depok', '085781');

-- --------------------------------------------------------

--
-- Struktur dari tabel `penjualan`
--

CREATE TABLE `penjualan` (
  `PenjualanID` varchar(15) NOT NULL,
  `DetailID` varchar(15) NOT NULL,
  `TanggalPenjualan` date NOT NULL,
  `JamPenjualan` time NOT NULL,
  `TotalHarga` int(11) NOT NULL
) ENGINE=InnoDB DEFAULT CHARSET=utf8mb4 COLLATE=utf8mb4_general_ci;

--
-- Dumping data untuk tabel `penjualan`
--

INSERT INTO `penjualan` (`PenjualanID`, `DetailID`, `TanggalPenjualan`, `JamPenjualan`, `TotalHarga`) VALUES
('IDP001', 'DIDP001', '2024-04-01', '09:46:33', 27000),
('IDP002', 'DIDP002', '2024-04-01', '09:48:08', 20000),
('IDP003', 'DIDP003', '2024-04-02', '08:22:34', 18000),
('IDP004', 'DIDP004', '2024-04-02', '08:33:25', 15000),
('IDP005', 'DIDP005', '2024-04-02', '08:41:05', 10000),
('IDP006', 'DIDP006', '2024-04-02', '09:27:17', 9000);

-- --------------------------------------------------------

--
-- Struktur dari tabel `produk`
--

CREATE TABLE `produk` (
  `ProdukID` varchar(15) NOT NULL,
  `NamaProduk` varchar(225) NOT NULL,
  `Harga` int(11) NOT NULL,
  `Stok` int(11) NOT NULL
) ENGINE=InnoDB DEFAULT CHARSET=utf8mb4 COLLATE=utf8mb4_general_ci;

--
-- Dumping data untuk tabel `produk`
--

INSERT INTO `produk` (`ProdukID`, `NamaProduk`, `Harga`, `Stok`) VALUES
('6956953588086', 'pulpen', 4500, 38),
('8991389230220', 'buku tulis', 4000, 40),
('8993988090069', 'penghapus', 2500, 30),
('8993988090243', 'tipe x', 2000, 25),
('8993988286905', 'pensil', 3000, 20);

--
-- Indexes for dumped tables
--

--
-- Indeks untuk tabel `detailpenjualan`
--
ALTER TABLE `detailpenjualan`
  ADD PRIMARY KEY (`DetailID`);

--
-- Indeks untuk tabel `login`
--
ALTER TABLE `login`
  ADD PRIMARY KEY (`LoginID`);

--
-- Indeks untuk tabel `pelanggan`
--
ALTER TABLE `pelanggan`
  ADD PRIMARY KEY (`PelangganID`);

--
-- Indeks untuk tabel `penjualan`
--
ALTER TABLE `penjualan`
  ADD PRIMARY KEY (`PenjualanID`);

--
-- Indeks untuk tabel `produk`
--
ALTER TABLE `produk`
  ADD PRIMARY KEY (`ProdukID`);
COMMIT;

/*!40101 SET CHARACTER_SET_CLIENT=@OLD_CHARACTER_SET_CLIENT */;
/*!40101 SET CHARACTER_SET_RESULTS=@OLD_CHARACTER_SET_RESULTS */;
/*!40101 SET COLLATION_CONNECTION=@OLD_COLLATION_CONNECTION */;
